# Title: Install Community Enablement,,,,,,,,,,,,,,,,,,,,,,,,,,,,,,,,,,,,,
"# Description: This option creates Community Enablement content (Videos and SCORM) when the Enablement features are available on the instance. The resources are first created on author, then assigned and published to demo users.",,,,,,,,,,,,,,,,,,,,,,,,,,,,,,,,,,,,,
SlingPost,/content/dam/communities/resource-assets,jcr:title,resource-assets,jcr:description,Assets for the Enablement Function,,,,,,,,,,,,,,,,,,,,,,,,,,,,,,,,
Asset,/content/dam/communities/resource-assets.createasset.html,,,,,,,,,,,,,,,,,,,,,,,,,,,,,,,,,,,,
jason.werner@dodgit.com,0,not used,not used,ski-lesson-1.mp4,,,,,,,,,,,,,,,,,,,,,,,,,,,,,,,,,
jason.werner@dodgit.com,0,not used,not used,ski-lesson-2.mp4,,,,,,,,,,,,,,,,,,,,,,,,,,,,,,,,,
jason.werner@dodgit.com,0,not used,not used,surf-lesson.mp4,,,,,,,,,,,,,,,,,,,,,,,,,,,,,,,,,
jason.werner@dodgit.com,0,not used,not used,ski-quiz.zip,,,,,,,,,,,,,,,,,,,,,,,,,,,,,,,,,
Resource,/content/sites/communities/resources/en,,,,,,,,,,,,,,,,,,,,,,,,,,,,,,,,,,,,
jason.werner@dodgit.com,0,surf-lesson.mp4,surf-lessons.jpg,learningpath,,site,communities,function,assignments,jcr:title,Learning to Surf,description,Learning to Surf for kids,resourceTags,geometrixx-outdoors:activity/surfing,id,learning-surf-1,allow-social-switch,TRUE,allow-comments,TRUE,allow-ratings,TRUE,publish,none,deltaList,"{""josh.bradley@pookmail.com"":""+"",""ryan.palmer@spambob.com"":""+"",""aaron.mcdonald@mailinator.com"":""+"",""weston.mccall@dodgit.com"":""+""}",add-learners,"[""{'userId':'ryan.palmer@spambob.com','userName':'Ryan Palmer','userEmail':'ryan.palmer@spambob.com'}"",""{'userId':'josh.bradley@pookmail.com','userName':'Josh Bradley','userEmail':'josh.bradley@pookmail.com'}"",""{'userId':'weston.mccall@dodgit.com','userName':'Weston McCall','userEmail':'weston.mccall@dodgit.com'}"",""{'userId':'aaron.mcdonald@mailinator.com','userName':'Aaron McDonald','userEmail':'aaron.mcdonald@mailinator.com'}""]",resource-author,"[""{'userId':'jason.werner@dodgit.com','userName':'Jason Werner','userEmail':'jason.werner@dodgit.com'}""]",resource-contact,"[""{'userId':'jason.werner@dodgit.com','userName':'Jason Werner','userEmail':'jason.werner@dodgit.com'}""]",resource-expert,"[""{'userId':'jason.werner@dodgit.com','userName':'Jason Werner','userEmail':'jason.werner@dodgit.com'}""]",send-enrollment-email,FALSE
jason.werner@dodgit.com,0,ski-lesson-1.mp4,ski-lessons.jpg,learningpath,ski,site,communities,function,assignments,jcr:title,"Beginner Ski Lesson, part I",description,"Learning to Ski, first part",resourceTags,geometrixx-outdoors:activity/skiing,id,learning-ski-1,allow-social-switch,TRUE,allow-comments,TRUE,allow-ratings,TRUE,publish,none,deltaList,"{""aaron.mcdonald@mailinator.com"":""+"",""weston.mccall@dodgit.com"":""+""}",add-learners,"[""{'userId':'weston.mccall@dodgit.com','userName':'Weston McCall','userEmail':'weston.mccall@dodgit.com'}"",""{'userId':'aaron.mcdonald@mailinator.com','userName':'Aaron McDonald','userEmail':'aaron.mcdonald@mailinator.com'}""]",resource-author,"[""{'userId':'jason.werner@dodgit.com','userName':'Jason Werner','userEmail':'jason.werner@dodgit.com'}""]",resource-contact,"[""{'userId':'jason.werner@dodgit.com','userName':'Jason Werner','userEmail':'jason.werner@dodgit.com'}""]",resource-expert,"[""{'userId':'jason.werner@dodgit.com','userName':'Jason Werner','userEmail':'jason.werner@dodgit.com'}""]",send-enrollment-email,FALSE
jason.werner@dodgit.com,0,ski-lesson-1.mp4,ski-lessons-2.jpg,learningpath,ski,site,communities,function,assignments,jcr:title,"Beginner Ski Lesson, part II",description,"Learning to Ski, second part",resourceTags,geometrixx-outdoors:activity/skiing,id,learning-ski-2,allow-social-switch,TRUE,allow-comments,TRUE,allow-ratings,TRUE,publish,none,deltaList,"{""aaron.mcdonald@mailinator.com"":""+"",""weston.mccall@dodgit.com"":""+""}",add-learners,"[""{'userId':'weston.mccall@dodgit.com','userName':'Weston McCall','userEmail':'weston.mccall@dodgit.com'}"",""{'userId':'aaron.mcdonald@mailinator.com','userName':'Aaron McDonald','userEmail':'aaron.mcdonald@mailinator.com'}""]",resource-author,"[""{'userId':'jason.werner@dodgit.com','userName':'Jason Werner','userEmail':'jason.werner@dodgit.com'}""]",resource-contact,"[""{'userId':'jason.werner@dodgit.com','userName':'Jason Werner','userEmail':'jason.werner@dodgit.com'}""]",resource-expert,"[""{'userId':'jason.werner@dodgit.com','userName':'Jason Werner','userEmail':'jason.werner@dodgit.com'}""]",send-enrollment-email,FALSE
jason.werner@dodgit.com,0,ski-lesson-1.mp4,ski-lessons-3.jpg,learningpath,ski,site,communities,function,assignments,jcr:title,"Beginner Ski Lesson, part III",description,"Learning to Ski, third part",resourceTags,geometrixx-outdoors:activity/skiing|geometrixx-outdoors:activity,id,learning-ski-3,allow-social-switch,TRUE,allow-comments,TRUE,allow-ratings,TRUE,publish,none,deltaList,"{""aaron.mcdonald@mailinator.com"":""+"",""weston.mccall@dodgit.com"":""+""}",add-learners,"[""{'userId':'weston.mccall@dodgit.com','userName':'Weston McCall','userEmail':'weston.mccall@dodgit.com'}"",""{'userId':'aaron.mcdonald@mailinator.com','userName':'Aaron McDonald','userEmail':'aaron.mcdonald@mailinator.com'}""]",resource-author,"[""{'userId':'jason.werner@dodgit.com','userName':'Jason Werner','userEmail':'jason.werner@dodgit.com'}""]",resource-contact,"[""{'userId':'jason.werner@dodgit.com','userName':'Jason Werner','userEmail':'jason.werner@dodgit.com'}""]",resource-expert,"[""{'userId':'jason.werner@dodgit.com','userName':'Jason Werner','userEmail':'jason.werner@dodgit.com'}""]",send-enrollment-email,FALSE
jason.werner@dodgit.com,0,ski-quiz.zip,ski-resort.jpg,learningpath,ski,site,communities,function,assignments,jcr:title,Ski Evaluation,description,Evaluating your Skiing Skills,resourceTags,geometrixx-outdoors:activity/skiing,id,learning-ski-quiz,allow-social-switch,TRUE,allow-comments,TRUE,allow-ratings,TRUE,publish,none,deltaList,"{""josh.bradley@pookmail.com"":""+"",""ryan.palmer@spambob.com"":""+"",""aaron.mcdonald@mailinator.com"":""+"",""weston.mccall@dodgit.com"":""+""}",add-learners,"[""{'userId':'ryan.palmer@spambob.com','userName':'Ryan Palmer','userEmail':'ryan.palmer@spambob.com'}"",""{'userId':'josh.bradley@pookmail.com','userName':'Josh Bradley','userEmail':'josh.bradley@pookmail.com'}"",""{'userId':'weston.mccall@dodgit.com','userName':'Weston McCall','userEmail':'weston.mccall@dodgit.com'}"",""{'userId':'aaron.mcdonald@mailinator.com','userName':'Aaron McDonald','userEmail':'aaron.mcdonald@mailinator.com'}""]",resource-author,"[""{'userId':'jason.werner@dodgit.com','userName':'Jason Werner','userEmail':'jason.werner@dodgit.com'}""]",resource-contact,"[""{'userId':'jason.werner@dodgit.com','userName':'Jason Werner','userEmail':'jason.werner@dodgit.com'}""]",resource-expert,"[""{'userId':'jason.werner@dodgit.com','userName':'Jason Werner','userEmail':'jason.werner@dodgit.com'}""]",send-enrollment-email,FALSE
LearningPath,/content/sites/communities/resources/en,,,,,,,,,,,,,,,,,,,,,,,,,,,,,,,,,,,,
jason.werner@dodgit.com,0,ski,ski-path.jpg,learningpath,,site,communities,function,assignments,jcr:title,Ski Learning Path,deltaList,"{""aaron.mcdonald@mailinator.com"":""+"",""weston.mccall@dodgit.com"":""+""}",add-learners,"[""{'userId':'weston.mccall@dodgit.com','userName':'Weston McCall','userEmail':'weston.mccall@dodgit.com'}"",""{'userId':'aaron.mcdonald@mailinator.com','userName':'Aaron McDonald','userEmail':'aaron.mcdonald@mailinator.com'}""]",resource-contact,"[""{'userId':'jason.werner@dodgit.com','userName':'Jason Werner','userEmail':'jason.werner@dodgit.com'}""]",send-enrollment-email,FALSE,,,,,,,,,,,,,,,,,,