<?xml version="1.0" encoding="UTF-8"?>
<jcr:root xmlns:sling="http://sling.apache.org/jcr/sling/1.0" xmlns:jcr="http://www.jcp.org/jcr/1.0" xmlns:nt="http://www.jcp.org/jcr/nt/1.0" xmlns:rep="internal"
    jcr:primaryType="sling:Folder">
        <offline-template.js/>
        <RecordResults
            jcr:primaryType="nt:unstructured"
            sling:resourceType="/libs/social/scorm/components/scorm/RecordResults/RecordResults.jsp"/>
        <ApiWrapper
            jcr:primaryType="nt:unstructured"
            sling:resourceType="/libs/social/scorm/components/scorm/ApiWrapper/ApiWrapper.jsp"/>
        <EngineUtilsHelper
            jcr:primaryType="nt:unstructured"
            sling:resourceType="/libs/social/scorm/components/scorm/EngineUtilsHelper/EngineUtilsHelper.jsp"/>
        <Logger
            jcr:primaryType="nt:unstructured"
            sling:resourceType="/libs/social/scorm/components/scorm/Logger/Logger.jsp"/>
        <OAuthManagementApi
            jcr:primaryType="nt:unstructured"
            sling:resourceType="/libs/social/scorm/components/scorm/OAuthManagementApi/OAuthManagementApi.jsp"/>
        <ProcessAiccRequest
            jcr:primaryType="nt:unstructured"
            sling:resourceType="/libs/social/scorm/components/scorm/ProcessAiccRequest/ProcessAiccRequest.jsp"/>
        <scripts/>
        <defaultui
            jcr:mixinTypes="[mix:lockable]"
            jcr:primaryType="nt:unstructured">
            <deliver
                jcr:primaryType="nt:unstructured"
                sling:resourceType="/libs/social/scorm/components/scorm/deliver/deliver.jsp"/>
            <black
                jcr:primaryType="nt:unstructured"
                sling:resourceType="/libs/social/scorm/components/scorm/black/black.jsp"/>
            <bottom
                jcr:primaryType="nt:unstructured"
                sling:resourceType="/libs/social/scorm/components/scorm/bottom/bottom.jsp"/>
            <DefaultIntegration.js/>
            <exit
                jcr:primaryType="nt:unstructured"
                sling:resourceType="/libs/social/scorm/components/scorm/exit/exit.jsp"/>
            <help
                jcr:primaryType="nt:unstructured"
                sling:resourceType="/libs/social/scorm/components/scorm/help/help.jsp"/>
            <intermediate
                jcr:primaryType="nt:unstructured"
                sling:resourceType="/libs/social/scorm/components/scorm/intermediate/intermediate.jsp"/>
            <iphone-deliver
                jcr:primaryType="nt:unstructured"
                sling:resourceType="/libs/social/scorm/components/scorm/iphone-deliver/iphone-deliver.jsp"/>
            <iphone-top
                jcr:primaryType="nt:unstructured"
                sling:resourceType="/libs/social/scorm/components/scorm/iphone-top/iphone-top.jsp"/>
            <left
                jcr:primaryType="nt:unstructured"
                sling:resourceType="/libs/social/scorm/components/scorm/left/left.jsp"/>
            <message
                jcr:primaryType="nt:unstructured"
                sling:resourceType="/libs/social/scorm/components/scorm/message/message.jsp"/>
            <popuplauncher
                jcr:primaryType="nt:unstructured"
                sling:resourceType="/libs/social/scorm/components/scorm/popuplauncher/popuplauncher.jsp"/>
            <supportlogprocessor
                jcr:primaryType="nt:unstructured"
                sling:resourceType="/libs/social/scorm/components/scorm/supportlogprocessor/supportlogprocessor.jsp"/>
            <savedebuglog
                jcr:primaryType="nt:unstructured"
                sling:resourceType="/libs/social/scorm/components/scorm/savedebuglog/savedebuglog.jsp"/>
             <concurrentlaunch
                jcr:primaryType="nt:unstructured"
                sling:resourceType="/libs/social/scorm/components/scorm/concurrentlaunch/concurrentlaunch.jsp"/>
             <launch
                jcr:primaryType="nt:unstructured"
                sling:resourceType="/libs/social/scorm/components/scorm/launch/launch.jsp"/>
	     <top
                jcr:primaryType="nt:unstructured"
                sling:resourceType="/libs/social/scorm/components/scorm/top/top.jsp"/>
            <css/>
            <defaultstyles.css/>
            <images/>
        </defaultui>
        <SupportPackager
            jcr:primaryType="nt:unstructured"
            sling:resourceType="/libs/social/scorm/components/scorm/SupportPackager/SupportPackager.jsp"/>
        <blank/>
</jcr:root>
