<?xml version="1.0" encoding="UTF-8"?>
<jcr:root xmlns:sling="http://sling.apache.org/jcr/sling/1.0" xmlns:cq="http://www.day.com/jcr/cq/1.0" xmlns:jcr="http://www.jcp.org/jcr/1.0" xmlns:nt="http://www.jcp.org/jcr/nt/1.0"
    jcr:primaryType="cq:Page">
    <licensecheck/>
    <jcr:content
        jcr:mixinTypes="[sling:VanityPath]"
        jcr:primaryType="nt:unstructured"
        jcr:title="AEM Assets"
        sling:resourceType="dam/gui/components/admin/page"
        sling:vanityOrder="{Long}291"
        sling:vanityPath="/assets">
        <head/>
        <header/>
        <rail/>
        <content/>
        <mimeTypeLookup jcr:primaryType="nt:unstructured">
            <Archive
                jcr:description="ARCHIVE"
                jcr:primaryType="nt:unstructured"
                jcr:title="Archive"
                mimetypes="TGZ,RAR,TAR,ZIP,APP,JAR,WAR,EAR,APK,RPM,DBM;"/>
            <Document
                jcr:description="DOCUMENT"
                jcr:primaryType="nt:unstructured"
                jcr:title="Document"
                mimetypes="DOC,DOCX,ODT,PDF,HTML,RTF,TXT,XLS,XLSX,ODS,PPT,PPTX,ODP,INDD,PS,QXP,KEY,HTM,AI,EPUB,EPS;"/>
            <Executable
                jcr:description="EXECUTABLE"
                jcr:primaryType="nt:unstructured"
                jcr:title="Executable"
                mimetypes="ZIP,EXE,AIR;"/>
            <Image
                jcr:description="IMAGE"
                jcr:primaryType="nt:unstructured"
                jcr:title="Image"
                mimetypes="PNG,GIF,TIFF,JPEG,BMP,PNM,PGM,PBM,PPM,PSD,JPG,DXF,DNG,TIF,PJPEG,PTIFF,MAX,JP2,NRW,CR2,NEF,ARI,CRW,DCS,DRF,3FR,ARW,BAY,CAP,DCR,EIP,ERF,FFF,IIQ,K25,KDC,MDC,MEF,MOS,MRW,OBM,ORF,PEF,PTX,PXM,R3D,RAF,RWZ,SR2,SRF,SRW,X3F;"/>
            <Multimedia
                jcr:description="MULTIMEDIA"
                jcr:primaryType="nt:unstructured"
                jcr:title="Multimedia"
                mimetypes="AAC,MIDI,3GP,MP3,M4A,MP4,MPG,OGA,OGG,RA,WAV,WMA,DVI,FLV,M4V,MPEG,OGV,MOV,WMV,SWF,FLA,AIF,MXF;"/>
            <Captivate
                jcr:description="CAPTIVATE"
                jcr:primaryType="nt:unstructured"
                jcr:title="Captivate"
                mimetypes="x-captivate;"/>
            <Presenter
                jcr:description="PRESENTATION"
                jcr:primaryType="nt:unstructured"
                jcr:title="Presentation"
                mimetypes="x-presentation;"/>
            <Scorm
                jcr:description="SCORM"
                jcr:primaryType="nt:unstructured"
                jcr:title="SCORM"
                mimetypes="x-scorm;"/>
        </mimeTypeLookup>
        <assetscontent/>
        <subassetscontent/>
    </jcr:content>
    <downloadasset/>
    <haslicense/>
    <collectionspage/>
    <videoclip/>
    <assetedit/>
    <renditions/>
    <crop/>
    <rotate/>
    <annotate/>
    <share/>
    <versioning/>
    <editors/>
    <headerConfig/>
    <assetsRailConfig/>
    <addtocollectionwizard/>
    <assetpage/>
    <movepagewizard/>
    <publishsetwizard/>
    <searchresult/>
    <setmembers/>
    <links/>
    <metadataeditor/>
</jcr:root>
