# Title: Install Community Content,,,,,,,,,,,,,,,,,,,,,,,,,
# Description: This option loads the Community Content on Publish,,,,,,,,,,,,,,,,,,,,,,,,,
# The following lines are joining a few users to the site previously created,,,,,,,,,,,,,,,,,,,,,,,,,
SiteMembers,/content/sites/enablement/en/configuration.json,addMembers,weston.mccall@dodgit.com,addMembers,aaron.mcdonald@mailinator.com,addMembers,jason.werner@dodgit.com,addMembers,ryan.palmer@spambob.com,addMembers,josh.bradley@pookmail.com,addMembers,rebekah.larsen@trashymail.com,addMembers,andrew.schaeffer@trashymail.com,addMembers,donna.billups@pookmail.com,addMembers,boyd.larsen@dodgit.com,addMembers,emily.andrews@mailinator.com,addMembers,felicia.carter@trashymail.com,addMembers,ashley.thompson@spambob.com
# The following lines are changing the avatar,,,,,,,,,,,,,,,,,,,,,,,,,
Avatar,/content/sites/enablement/en/profile/jcr:content/content/primary/userprofile.social.json,,,,,,,,,,,,,,,,,,,,,,,,
lebescon@adobe.com,0,not used,not used,lebescon.jpg,,,,,,,,,,,,,,,,,,,,,
gklebus@adobe.com,0,not used,not used,gklebus.png,,,,,,,,,,,,,,,,,,,,,
date@adobe.com,0,not used,not used,sdate.png,,,,,,,,,,,,,,,,,,,,,
rmckinni@adobe.com,0,not used,not used,rmckinni.png,,,,,,,,,,,,,,,,,,,,,
gwalt@adobe.com,0,not used,not used,gwalt.png,,,,,,,,,,,,,,,,,,,,,
chuesler@adobe.com,0,not used,not used,chuesler.png,,,,,,,,,,,,,,,,,,,,,
ptager@adobe.com,0,not used,not used,ptager.png,,,,,,,,,,,,,,,,,,,,,
mhodgson@adobe.com,0,not used,not used,mhodgson.png,,,,,,,,,,,,,,,,,,,,,
jstanier@adobe.com,0,not used,not used,jstanier.png,,,,,,,,,,,,,,,,,,,,,
lbyrum@adobe.com,0,not used,not used,lbyrum.png,,,,,,,,,,,,,,,,,,,,,
aponnusa@adobe.com,0,not used,not used,aponnasu.png,,,,,,,,,,,,,,,,,,,,,
mmarth@adobe.com,0,not used,not used,mmarth.png,,,,,,,,,,,,,,,,,,,,,
aamahesh@adobe.com,0,not used,not used,aamahesh.png,,,,,,,,,,,,,,,,,,,,,
asaar@adobe.com,0,not used,not used,asaar.png,,,,,,,,,,,,,,,,,,,,,
alee@adobe.com,0,not used,not used,alee.png,,,,,,,,,,,,,,,,,,,,,
asavory@adobe.com,0,not used,not used,asavory.png,,,,,,,,,,,,,,,,,,,,,
espos@adobe.com,0,not used,not used,aespos.png,,,,,,,,,,,,,,,,,,,,,
sandru@adobe.com,0,not used,not used,sandru.png,,,,,,,,,,,,,,,,,,,,,
bmanen@adobe.com,0,not used,not used,bvan.png,,,,,,,,,,,,,,,,,,,,,
bartholo@adobe.com,0,not used,not used,bartho.png,,,,,,,,,,,,,,,,,,,,,
blefebvr@adobe.com,0,not used,not used,blefebvre.png,,,,,,,,,,,,,,,,,,,,,
cleonardo@adobe.com,0,not used,not used,bvan.png,,,,,,,,,,,,,,,,,,,,,
cmeyer@adobe.com,0,not used,not used,cmeyer.png,,,,,,,,,,,,,,,,,,,,,
dantipa@adobe.com,0,not used,not used,dantipa.png,,,,,,,,,,,,,,,,,,,,,
dhasler@adobe.com,0,not used,not used,dhasler.png,,,,,,,,,,,,,,,,,,,,,
dplaton@adobe.com,0,not used,not used,dplaton.png,,,,,,,,,,,,,,,,,,,,,
dtyagi@adobe.com,0,not used,not used,dtyagi.png,,,,,,,,,,,,,,,,,,,,,
esedegah@adobe.com,0,not used,not used,esedegah.png,,,,,,,,,,,,,,,,,,,,,
edenger@adobe.com,0,not used,not used,edenger.png,,,,,,,,,,,,,,,,,,,,,
gknobloch@adobe.com,0,not used,not used,gknobloch.png,,,,,,,,,,,,,,,,,,,,,
sgurpreet@adobe.com,0,not used,not used,gurpreet.png,,,,,,,,,,,,,,,,,,,,,
iguseva@adobe.com,0,not used,not used,iguseva.png,,,,,,,,,,,,,,,,,,,,,
lravuri@adobe.com,0,not used,not used,lahari.png,,,,,,,,,,,,,,,,,,,,,
msiegel@adobe.com,0,not used,not used,msiegel.png,,,,,,,,,,,,,,,,,,,,,
mbuergi@adobe.com,0,not used,not used,mbuergi.png,,,,,,,,,,,,,,,,,,,,,
obolanos@adobe.com,0,not used,not used,obolanos.png,,,,,,,,,,,,,,,,,,,,,
pkrmpotic@adobe.com,0,not used,not used,pkrmpotic.png,,,,,,,,,,,,,,,,,,,,,
svarshneya@adobe.com,0,not used,not used,svarshneya.png,,,,,,,,,,,,,,,,,,,,,
sarora@adobe.com,0,not used,not used,arora.png,,,,,,,,,,,,,,,,,,,,,
sgrimm@adobe.com,0,not used,not used,sgrimm.png,,,,,,,,,,,,,,,,,,,,,
smonroe@adobe.com,0,not used,not used,smonroe.png,,,,,,,,,,,,,,,,,,,,,
sbajaj@adobe.com,0,not used,not used,sbajaj.png,,,,,,,,,,,,,,,,,,,,,
gprivat@adobe.com,0,not used,not used,gprivat.png,,,,,,,,,,,,,,,,,,,,,
jvantond@adobe.com,0,not used,not used,josh.png,,,,,,,,,,,,,,,,,,,,,
lkao@adobe.com,0,not used,not used,lkao.png,,,,,,,,,,,,,,,,,,,,,
upajic@adobe.com,0,not used,not used,upajic.png,,,,,,,,,,,,,,,,,,,,,
ghandke@adobe.com,0,not used,not used,ghandke.png,,,,,,,,,,,,,,,,,,,,,
aschandr@adobe.com,0,not used,not used,aschandr.png,,,,,,,,,,,,,,,,,,,,,
vguess@adobe.com,0,not used,not used,vguess.png,,,,,,,,,,,,,,,,,,,,,
# The following lines are setting up the social graph,,,,,,,,,,,,,,,,,,,,,,,,,
Follow,/content/sites/enablement/en/profile/jcr:content/content/primary/userprofile/socialgraph.social.json,,,,,,,,,,,,,,,,,,,,,,,,
lebescon@adobe.com,0,date@adobe.com,,,,,,,,,,,,,,,,,,,,,,,
date@adobe.com,0,lebescon@adobe.com,,,,,,,,,,,,,,,,,,,,,,,
lebescon@adobe.com,0,gklebus@adobe.com,,,,,,,,,,,,,,,,,,,,,,,
lebescon@adobe.com,0,rmckinni@adobe.com,,,,,,,,,,,,,,,,,,,,,,,
rmckinni@adobe.com,0,lebescon@adobe.com,,,,,,,,,,,,,,,,,,,,,,,
rmckinni@adobe.com,0,date@adobe.com,,,,,,,,,,,,,,,,,,,,,,,
date@adobe.com,0,rmckinni@adobe.com,,,,,,,,,,,,,,,,,,,,,,,
gklebus@adobe.com,0,lebescon@adobe.com,,,,,,,,,,,,,,,,,,,,,,,
gklebus@adobe.com,0,date@adobe.com,,,,,,,,,,,,,,,,,,,,,,,
lebescon@adobe.com,0,ghandke@adobe.com,,,,,,,,,,,,,,,,,,,,,,,
aschandr@adobe.com,0,ghandke@adobe.com,,,,,,,,,,,,,,,,,,,,,,,
lebescon@adobe.com,0,aschandr@adobe.com,,,,,,,,,,,,,,,,,,,,,,,
ghandke@adobe.com,0,lebescon@adobe.com,,,,,,,,,,,,,,,,,,,,,,,
lebescon@adobe.com,0,gwalt@adobe.com,,,,,,,,,,,,,,,,,,,,,,,
lebescon@adobe.com,0,chuesler@adobe.com,,,,,,,,,,,,,,,,,,,,,,,
chuesler@adobe.com,0,lebescon@adobe.com,,,,,,,,,,,,,,,,,,,,,,,
chuesler@adobe.com,0,rmckinni@adobe.com,,,,,,,,,,,,,,,,,,,,,,,
chuesler@adobe.com,0,date@adobe.com,,,,,,,,,,,,,,,,,,,,,,,
lkao@adobe.com,0,lebescon@adobe.com,,,,,,,,,,,,,,,,,,,,,,,
alee@adobe.com,0,lebescon@adobe.com,,,,,,,,,,,,,,,,,,,,,,,
alee@adobe.com,0,rmckinni@adobe.com,,,,,,,,,,,,,,,,,,,,,,,
date@adobe.com,0,alee@adobe.com,,,,,,,,,,,,,,,,,,,,,,,
jvantond@adobe.com,0,alee@adobe.com,,,,,,,,,,,,,,,,,,,,,,,
jvantond@adobe.com,0,lebescon@adobe.com,,,,,,,,,,,,,,,,,,,,,,,
jvantond@adobe.com,0,rmckinni@adobe.com,,,,,,,,,,,,,,,,,,,,,,,
lebescon@adobe.com,0,jvantond@adobe.com,,,,,,,,,,,,,,,,,,,,,,,
date@adobe.com,0,jvantond@adobe.com,,,,,,,,,,,,,,,,,,,,,,,
rmckinni@adobe.com,0,jvantond@adobe.com,,,,,,,,,,,,,,,,,,,,,,,
Users,lebescon@adobe.com,Profile,aboutMe,I'm a Group Product Manager for AEM Communities,,,,,,,,,,,,,,,,,,,,,
Users,gwalt@adobe.com,Profile,aboutMe,I'm a Product Manager for AEM Sites,,,,,,,,,,,,,,,,,,,,,
Users,gklebus@adobe.com,Profile,aboutMe,I'm a Group Product Manager for AEM Assets,,,,,,,,,,,,,,,,,,,,,
Users,chuesler@adobe.com,Profile,aboutMe,I'm a Group Product Manager for AEM Sites,,,,,,,,,,,,,,,,,,,,,
Users,ptager@adobe.com,Profile,aboutMe,I'm a Group Product Manager for AEM Platform,,,,,,,,,,,,,,,,,,,,,
Users,mhodgson@adobe.com,Profile,aboutMe,I'm a Product Manager for AEM Apps,,,,,,,,,,,,,,,,,,,,,
Users,jstanier@adobe.com,Profile,aboutMe,I'm a Group Product Manager for AEM Forms,,,,,,,,,,,,,,,,,,,,,
Users,lbyrum@adobe.com,Profile,aboutMe,I'm a Principal Scientist for AEM Communities,,,,,,,,,,,,,,,,,,,,,
Users,aponnusa@adobe.com,Profile,aboutMe,I'm a Developer for AEM Communities,,,,,,,,,,,,,,,,,,,,,
Users,mmarth@adobe.com,Profile,aboutMe,I'm Engineering Director for AEM Platform,,,,,,,,,,,,,,,,,,,,,
Users,aamahesh@adobe.com,Profile,aboutMe,I'm a Developer for AEM Assets,,,,,,,,,,,,,,,,,,,,,
Users,asaar@adobe.com,Profile,aboutMe,I'm a Senior Manager in Engineering for AEM Sites,,,,,,,,,,,,,,,,,,,,,
Users,alee@adobe.com,Profile,aboutMe,I'm a Program Manager for AEM Communities,,,,,,,,,,,,,,,,,,,,,
Users,asavory@adobe.com,Profile,aboutMe,I'm a Technical Evangelist for AEM,,,,,,,,,,,,,,,,,,,,,
Users,espos@adobe.com,Profile,aboutMe,I'm a Product Manager for AEM Assets,,,,,,,,,,,,,,,,,,,,,
Users,sandru@adobe.com,Profile,aboutMe,I'm a Developer for AEM Sites,,,,,,,,,,,,,,,,,,,,,
Users,bmanen@adobe.com,Profile,aboutMe,I'm a Senior Manager in Engineering for AEM Assets,,,,,,,,,,,,,,,,,,,,,
Users,bartholo@adobe.com,Profile,aboutMe,I'm an Engineer for AEM Managed Services,,,,,,,,,,,,,,,,,,,,,
Users,blefebvr@adobe.com,Profile,aboutMe,I'm a Developer for AEM Apps,,,,,,,,,,,,,,,,,,,,,
Users,cleonardo@adobe.com,Profile,aboutMe,I'm a Developer for AEM Sites,,,,,,,,,,,,,,,,,,,,,
Users,cmeyer@adobe.com,Profile,aboutMe,I'm a Designer for AEM Sites,,,,,,,,,,,,,,,,,,,,,
Users,dantipa@adobe.com,Profile,aboutMe,I'm a Designer for AEM Sites,,,,,,,,,,,,,,,,,,,,,
Users,dhasler@adobe.com,Profile,aboutMe,I'm a Senior Manager in Engineering for AEM Platform,,,,,,,,,,,,,,,,,,,,,
Users,dplaton@adobe.com,Profile,aboutMe,I'm a Developer for AEM Plaform,,,,,,,,,,,,,,,,,,,,,
Users,dtyagi@adobe.com,Profile,aboutMe,I'm a Developer for AEM Assets,,,,,,,,,,,,,,,,,,,,,
Users,esedegah@adobe.com,Profile,aboutMe,I'm a Group Product Marketing Manager for AEM Assets,,,,,,,,,,,,,,,,,,,,,
Users,edenger@adobe.com,Profile,aboutMe,I'm a Product Manager for AEM Commerce,,,,,,,,,,,,,,,,,,,,,
Users,jvantond@adobe.com,Profile,aboutMe,I'm a Group Product Marketing Manager for AEM Communities,,,,,,,,,,,,,,,,,,,,,
Users,gknobloch@adobe.com,Profile,aboutMe,I'm a Senior Manager in Engineering for AEM Sites,,,,,,,,,,,,,,,,,,,,,
Users,sgurpreet@adobe.com,Profile,aboutMe,I'm a Developer for AEM Sites,,,,,,,,,,,,,,,,,,,,,
Users,iguseva@adobe.com,Profile,aboutMe,I'm a Group Product Marketing Manager for AEM Sites,,,,,,,,,,,,,,,,,,,,,
Users,lravuri@adobe.com,Profile,aboutMe,I'm a Group Product Marketing Manager for AEM Apps,,,,,,,,,,,,,,,,,,,,,
Users,msiegel@adobe.com,Profile,aboutMe,I'm a Product Manager for AEM Sites,,,,,,,,,,,,,,,,,,,,,
Users,mbuergi@adobe.com,Profile,aboutMe,I'm a Product Manager for AEM Sites,,,,,,,,,,,,,,,,,,,,,
Users,obolanos@adobe.com,Profile,aboutMe,I'm a Designer for AEM Sites,,,,,,,,,,,,,,,,,,,,,
Users,pkrmpotic@adobe.com,Profile,aboutMe,I'm a Product Manager for AEM Sites,,,,,,,,,,,,,,,,,,,,,
Users,svarshneya@adobe.com,Profile,aboutMe,I'm a Developer for AEM Assets,,,,,,,,,,,,,,,,,,,,,
Users,sarora@adobe.com,Profile,aboutMe,I'm a Developer for AEM Assets,,,,,,,,,,,,,,,,,,,,,
Users,sgrimm@adobe.com,Profile,aboutMe,I'm a Developer for AEM Sites,,,,,,,,,,,,,,,,,,,,,
Users,smonroe@adobe.com,Profile,aboutMe,I'm a Group Product Marketing Manager for AEM Forms,,,,,,,,,,,,,,,,,,,,,
Users,sbajaj@adobe.com,Profile,aboutMe,I'm a Developer for AEM Plaform,,,,,,,,,,,,,,,,,,,,,
Users,rmckinni@adobe.com,Profile,aboutMe,I'm a Product Manager for AEM Communities,,,,,,,,,,,,,,,,,,,,,
Users,date@adobe.com,Profile,aboutMe,I'm a Product Manager for AEM Communities,,,,,,,,,,,,,,,,,,,,,
Users,gprivat@adobe.com,Profile,aboutMe,I'm a Director for Adobe Connect,,,,,,,,,,,,,,,,,,,,,
Users,lkao@adobe.com,Profile,aboutMe,I'm a Director of Product Marketing for AEM,,,,,,,,,,,,,,,,,,,,,
Users,upajic@adobe.com,Profile,aboutMe,I'm a Product Marketing Manager for AEM Sites,,,,,,,,,,,,,,,,,,,,,
Users,vguess@adobe.com,Profile,aboutMe,I'm a Product Manager for AEM Assets,,,,,,,,,,,,,,,,,,,,,
Users,ghandke@adobe.com,Profile,aboutMe,I'm a Director of Product Management for AEM,,,,,,,,,,,,,,,,,,,,,
Users,aschandr@adobe.com,Profile,aboutMe,I'm a VP for Experience Manager and Target,,,,,,,,,,,,,,,,,,,,,
Forum,/content/sites/enablement/en/discussions/jcr:content/content/primary/forum.social.json,rteEnabled,TRUE,allowVoting,TRUE,allowRepliesToComments,TRUE,allowCloseComments,TRUE,allowDeleteComments,TRUE,allowDenyComments,TRUE,allowFlagComments,TRUE,flagModerateThreshold,1,flagViewThreshold,3,allowFileUploads,TRUE,,,,
lebescon@adobe.com,0,AEM 6.1 Enablement videos,How many videos is there to watch to be fully enabled on AEM 6.1,,,,,,,,,,,,,,,,,,,,,,
chuesler@adobe.com,1,Reply,107 videos last time I checked!,,,,,,,,,,,,,,,,,,,,,,
ptager@adobe.com,1,Reply,There are more platform videos coming.,,,,,,,,,,,,,,,,,,,,,,
rmckinni@adobe.com,0,AEM Communities 6.1 Enablement add-on,When will the videos for AEM Communities enablement add-on be available?,,,,,,,,,,,,,,,,,,,,,,
alee@adobe.com,1,Reply,"Working on it, stay tuned",,,,,,,,,,,,,,,,,,,,,,
date@adobe.com,1,Reply,"Great, thanks Alistair",,,,,,,,,,,,,,,,,,,,,,
lebescon@adobe.com,1,Reply,Indeed!,,,,,,,,,,,,,,,,,,,,,,
rmckinni@adobe.com,1,Reply,Perfect,,,,,,,,,,,,,,,,,,,,,,
ghandke@adobe.com,0,AEM Enablement program,Where can I find the data on our enablement program?,,,,,,,,,,,,,,,,,,,,,,
lebescon@adobe.com,1,Reply,"For Communities, we've had roughly 120 people looking into the videos",,,,,,,,,,,,,,,,,,,,,,
gklebus@adobe.com,1,Reply,"For Assets, we've had roughly 230 people looking into these",,,,,,,,,,,,,,,,,,,,,,
chuesler@adobe.com,1,Reply,"For Sites, the assessments show a great overall result: 88% in average for the AEM Sites 6.1 assessment",,,,,,,,,,,,,,,,,,,,,,
lkao@adobe.com,0,AEM Demo Videos,All Videos are now live on this Enablement site!,,,,,,,,,,,,,,,,,,,,,,
ghandke@adobe.com,1,Reply,Fantastic!,,,,,,,,,,,,,,,,,,,,,,